Current_Client_First_Name,Current_Client_Last_Name,Potential_Jobs,CurrentDoc_id,PastDoc_id
Carissa,Ballard,arcu. Vivamus,1,1
Dexter,Head,mi enim,2,2
Tashya,Steele,sodales at,3,3
Keely,Santana,scelerisque sed,4,4
Otto,Lara,rhoncus. Proin,5,5
Lane,Waller,Phasellus at,6,6
Guy,Mcgee,sociis natoque,7,7
Aurora,Welch,tincidunt congue,8,8
Nyssa,Booker,In nec,9,9
Lois,Sloan,diam lorem,10,10
Tyler,Gilmore,aliquet magna,11,11
Fiona,Mccarty,non ante,12,12
Robert,Mckinney,Aenean euismod,13,13
Kiara,Osborne,Nullam enim.,14,14
Yvette,Harvey,ornare sagittis,15,15
Pascale,Valenzuela,massa. Suspendisse,16,16
Kadeem,Freeman,feugiat nec,17,17
Alice,Franks,Etiam ligula,18,18
Jaime,Owens,sem ut,19,19
Scarlet,Kaufman,magna malesuada,20,20
Jeremy,Swanson,lorem lorem,21,21
Cynthia,Alford,massa rutrum,22,22
Josiah,Atkins,non arcu.,23,23
Gray,Randolph,amet consectetuer,24,24
Lael,Petersen,eu odio,25,25
Fitzgerald,Frank,non feugiat,26,26
Maggy,Mooney,rutrum eu,27,27
Baker,Kane,malesuada ut,28,28
Sacha,Thomas,pharetra nibh.,29,29
Kasper,Michael,scelerisque neque.,30,30
Branden,Day,Quisque fringilla,31,31
Kenyon,Winters,quis accumsan,32,32
Dorian,Trevino,ut odio,33,33
Ira,Clements,velit. Aliquam,34,34
Knox,Floyd,Ut semper,35,35
Chaney,Pennington,nunc. In,36,36
Robert,Gray,Integer tincidunt,37,37
Dalton,Hardin,luctus. Curabitur,38,38
Jena,Woodard,odio. Etiam,39,39
Ashton,Burks,Curabitur ut,40,40
Reuben,Levy,neque vitae,41,41
Ian,Lee,gravida non,42,42
Minerva,Sanford,hendrerit id,43,43
Leila,Colon,pede nec,44,44
Callum,Sawyer,Aliquam auctor,45,45
Julie,Hewitt,massa rutrum,46,46
Donovan,Gamble,vulputate dui,47,47
Lev,Calderon,lorem luctus,48,48
Nash,Henderson,litora torquent,49,49
Keefe,Rojas,Praesent interdum,50,50
Adena,Jacobs,Morbi metus.,51,51
Mona,Gill,nunc est,52,52
Audrey,Berg,lacus. Cras,53,53
Cooper,Conner,sociis natoque,54,54
Upton,Barr,Nullam scelerisque,55,55
Indigo,Stephens,vulputate nisi,56,56
Allistair,Boyer,dolor. Nulla,57,57
Jacqueline,Sullivan,vitae aliquet,58,58
Adria,Leon,ac nulla.,59,59
Breanna,Parrish,dapibus id,60,60
Carissa,Ellis,Nam porttitor,61,61
Reece,Hardin,nec metus,62,62
Dominique,Riggs,turpis. In,63,63
Marshall,Strickland,fringilla purus,64,64
Cameran,Spencer,elit pharetra,65,65
Joelle,Goodman,porttitor tellus,66,66
Boris,Fletcher,pharetra ut,67,67
Declan,Hurley,Proin ultrices.,68,68
Adrian,Robinson,nec metus,69,69
Victor,Rosa,vulputate ullamcorper,70,70
Quamar,Mckenzie,Suspendisse ac,71,71
Ora,Sears,sem mollis,72,72
Ian,Mccormick,Nunc mauris,73,73
Troy,Christian,ultrices. Duis,74,74
Melanie,Good,eu arcu.,75,75
Paul,Newman,vel mauris.,76,76
Amery,Duran,arcu. Aliquam,77,77
Risa,Macias,sed hendrerit,78,78
Tucker,Sparks,nunc interdum,79,79
Katelyn,Carroll,vehicula aliquet,80,80
