Size,Name,Description
9,magna.,interdum ligula eu enim. Etiam imperdiet dictum magna. Ut tincidunt
4,aliquet,Cras pellentesque. Sed dictum. Proin eget odio. Aliquam vulputate ullamcorper
12,Proin,Donec porttitor tellus non magna. Nam ligula elit pretium et
6,nunc,sed turpis nec mauris blandit mattis. Cras eget nisi dictum
9,Quisque,sagittis. Nullam vitae diam. Proin dolor. Nulla semper tellus id
3,enim.,ac urna. Ut tincidunt vehicula risus. Nulla eget metus eu
12,dictum,feugiat non lobortis quis pede. Suspendisse dui. Fusce diam nunc
7,justo,vel lectus. Cum sociis natoque penatibus et magnis dis parturient
11,nulla,venenatis vel faucibus id libero. Donec consectetuer mauris id sapien.
13,aliquet.,magna tellus faucibus leo in lobortis tellus justo sit amet
4,enim.,Suspendisse aliquet molestie tellus. Aenean egestas hendrerit neque. In ornare
7,eu,imperdiet nec leo. Morbi neque tellus imperdiet non vestibulum nec
10,aliquam,sociis natoque penatibus et magnis dis parturient montes nascetur ridiculus
8,nec,Vestibulum ante ipsum primis in faucibus orci luctus et ultrices
8,molestie,eget lacus. Mauris non dui nec urna suscipit nonummy. Fusce
11,dictum,tristique aliquet. Phasellus fermentum convallis ligula. Donec luctus aliquet odio.
5,eget,Nam ac nulla. In tincidunt congue turpis. In condimentum. Donec
10,aliquet,cursus. Integer mollis. Integer tincidunt aliquam arcu. Aliquam ultrices iaculis
11,Cum,blandit viverra. Donec tempus lorem fringilla ornare placerat orci lacus
4,sociis,Proin mi. Aliquam gravida mauris ut mi. Duis risus odio
5,at,justo eu arcu. Morbi sit amet massa. Quisque porttitor eros
9,vel,nonummy ipsum non arcu. Vivamus sit amet risus. Donec egestas.
7,eleifend,parturient montes nascetur ridiculus mus. Donec dignissim magna a tortor.
3,aliquet,augue id ante dictum cursus. Nunc mauris elit dictum eu
12,et,porttitor tellus non magna. Nam ligula elit pretium et rutrum
